participant_id,specification,task,before_ac,before_frs,before_invariants,before_neg_req,before_constraints,before_exception,before_tie_breaking,hidden_passed,hidden_failed,hidden_total,pass_rate,passed_tests_phase1,failed_tests_phase1
S0025,G2,B,0,0,0,0,0,0,0,15,18,33,0.45454545454545453,test_TC5_resources_not_dict;test_TC8_resource_value_not_number;test_TC9_request_value_not_number;test_TC14_none_resources;test_TC15_none_requests;test_TC16_nested_invalid_request;test_TC17_list_inside_request_value;test_TC18_tuple_inside_request_value;test_TC19_valid_simple_case;test_TC20_valid_multi_resource;test_TC24_string_number;test_TC25_string_number_in_request;test_TC28_valid_float;test_TC31_one_resource_must_remain_true;test_TC32_multi_resource_exact_cpu,test_TC1_negative_resource_value;test_TC2_negative_request_value;test_TC3_nan_value;test_TC4_infinite_value;test_TC6_requests_not_list;test_TC7_request_item_not_dict;test_TC10_resource_key_not_string;test_TC11_request_key_not_string;test_TC12_missing_resource_type;test_TC13_empty_resource_dict_invalid;test_TC21_zero_and_negative_mix;test_TC22_valid_zero_values;test_TC23_request_with_extra_invalid_key;test_TC26_empty_requests_valid;test_TC27_empty_requests_invalid_resources;test_TC29_invalid_float_nan_request;test_TC30_one_resource_must_remain_false;test_TC33_multi_resource_exact_cpu
S0026,G2,B,1,0,0,0,1,0,0,16,17,33,0.48484848484848486,test_TC5_resources_not_dict;test_TC8_resource_value_not_number;test_TC9_request_value_not_number;test_TC14_none_resources;test_TC15_none_requests;test_TC16_nested_invalid_request;test_TC17_list_inside_request_value;test_TC18_tuple_inside_request_value;test_TC19_valid_simple_case;test_TC20_valid_multi_resource;test_TC24_string_number;test_TC25_string_number_in_request;test_TC26_empty_requests_valid;test_TC28_valid_float;test_TC31_one_resource_must_remain_true;test_TC32_multi_resource_exact_cpu,test_TC1_negative_resource_value;test_TC2_negative_request_value;test_TC3_nan_value;test_TC4_infinite_value;test_TC6_requests_not_list;test_TC7_request_item_not_dict;test_TC10_resource_key_not_string;test_TC11_request_key_not_string;test_TC12_missing_resource_type;test_TC13_empty_resource_dict_invalid;test_TC21_zero_and_negative_mix;test_TC22_valid_zero_values;test_TC23_request_with_extra_invalid_key;test_TC27_empty_requests_invalid_resources;test_TC29_invalid_float_nan_request;test_TC30_one_resource_must_remain_false;test_TC33_multi_resource_exact_cpu
S0027,G2,B,1,0,0,0,1,0,0,16,17,33,0.48484848484848486,test_TC5_resources_not_dict;test_TC8_resource_value_not_number;test_TC9_request_value_not_number;test_TC14_none_resources;test_TC15_none_requests;test_TC16_nested_invalid_request;test_TC17_list_inside_request_value;test_TC18_tuple_inside_request_value;test_TC19_valid_simple_case;test_TC20_valid_multi_resource;test_TC24_string_number;test_TC25_string_number_in_request;test_TC26_empty_requests_valid;test_TC28_valid_float;test_TC31_one_resource_must_remain_true;test_TC32_multi_resource_exact_cpu,test_TC1_negative_resource_value;test_TC2_negative_request_value;test_TC3_nan_value;test_TC4_infinite_value;test_TC6_requests_not_list;test_TC7_request_item_not_dict;test_TC10_resource_key_not_string;test_TC11_request_key_not_string;test_TC12_missing_resource_type;test_TC13_empty_resource_dict_invalid;test_TC21_zero_and_negative_mix;test_TC22_valid_zero_values;test_TC23_request_with_extra_invalid_key;test_TC27_empty_requests_invalid_resources;test_TC29_invalid_float_nan_request;test_TC30_one_resource_must_remain_false;test_TC33_multi_resource_exact_cpu
S0028,G2,B,1,0,0,0,1,0,0,16,17,33,0.48484848484848486,test_TC5_resources_not_dict;test_TC8_resource_value_not_number;test_TC9_request_value_not_number;test_TC14_none_resources;test_TC15_none_requests;test_TC16_nested_invalid_request;test_TC17_list_inside_request_value;test_TC18_tuple_inside_request_value;test_TC19_valid_simple_case;test_TC20_valid_multi_resource;test_TC24_string_number;test_TC25_string_number_in_request;test_TC26_empty_requests_valid;test_TC28_valid_float;test_TC31_one_resource_must_remain_true;test_TC32_multi_resource_exact_cpu,test_TC1_negative_resource_value;test_TC2_negative_request_value;test_TC3_nan_value;test_TC4_infinite_value;test_TC6_requests_not_list;test_TC7_request_item_not_dict;test_TC10_resource_key_not_string;test_TC11_request_key_not_string;test_TC12_missing_resource_type;test_TC13_empty_resource_dict_invalid;test_TC21_zero_and_negative_mix;test_TC22_valid_zero_values;test_TC23_request_with_extra_invalid_key;test_TC27_empty_requests_invalid_resources;test_TC29_invalid_float_nan_request;test_TC30_one_resource_must_remain_false;test_TC33_multi_resource_exact_cpu
S0029,G2,B,1,0,0,0,1,0,0,12,21,33,0.36363636363636365,test_TC1_negative_resource_value;test_TC2_negative_request_value;test_TC3_nan_value;test_TC4_infinite_value;test_TC19_valid_simple_case;test_TC20_valid_multi_resource;test_TC21_zero_and_negative_mix;test_TC26_empty_requests_valid;test_TC28_valid_float;test_TC29_invalid_float_nan_request;test_TC31_one_resource_must_remain_true;test_TC32_multi_resource_exact_cpu,test_TC5_resources_not_dict;test_TC6_requests_not_list;test_TC7_request_item_not_dict;test_TC8_resource_value_not_number;test_TC9_request_value_not_number;test_TC10_resource_key_not_string;test_TC11_request_key_not_string;test_TC12_missing_resource_type;test_TC13_empty_resource_dict_invalid;test_TC14_none_resources;test_TC15_none_requests;test_TC16_nested_invalid_request;test_TC17_list_inside_request_value;test_TC18_tuple_inside_request_value;test_TC22_valid_zero_values;test_TC23_request_with_extra_invalid_key;test_TC24_string_number;test_TC25_string_number_in_request;test_TC27_empty_requests_invalid_resources;test_TC30_one_resource_must_remain_false;test_TC33_multi_resource_exact_cpu
S0030,G2,B,1,0,0,0,1,0,0,14,19,33,0.42424242424242425,test_TC2_negative_request_value;test_TC3_nan_value;test_TC4_infinite_value;test_TC19_valid_simple_case;test_TC20_valid_multi_resource;test_TC21_zero_and_negative_mix;test_TC22_valid_zero_values;test_TC26_empty_requests_valid;test_TC28_valid_float;test_TC29_invalid_float_nan_request;test_TC30_one_resource_must_remain_false;test_TC31_one_resource_must_remain_true;test_TC32_multi_resource_exact_cpu;test_TC33_multi_resource_exact_cpu,test_TC1_negative_resource_value;test_TC5_resources_not_dict;test_TC6_requests_not_list;test_TC7_request_item_not_dict;test_TC8_resource_value_not_number;test_TC9_request_value_not_number;test_TC10_resource_key_not_string;test_TC11_request_key_not_string;test_TC12_missing_resource_type;test_TC13_empty_resource_dict_invalid;test_TC14_none_resources;test_TC15_none_requests;test_TC16_nested_invalid_request;test_TC17_list_inside_request_value;test_TC18_tuple_inside_request_value;test_TC23_request_with_extra_invalid_key;test_TC24_string_number;test_TC25_string_number_in_request;test_TC27_empty_requests_invalid_resources
S0031,G2,B,1,0,0,0,1,0,0,13,20,33,0.3939393939393939,test_TC1_negative_resource_value;test_TC2_negative_request_value;test_TC3_nan_value;test_TC4_infinite_value;test_TC15_none_requests;test_TC19_valid_simple_case;test_TC20_valid_multi_resource;test_TC21_zero_and_negative_mix;test_TC26_empty_requests_valid;test_TC28_valid_float;test_TC29_invalid_float_nan_request;test_TC31_one_resource_must_remain_true;test_TC32_multi_resource_exact_cpu,test_TC5_resources_not_dict;test_TC6_requests_not_list;test_TC7_request_item_not_dict;test_TC8_resource_value_not_number;test_TC9_request_value_not_number;test_TC10_resource_key_not_string;test_TC11_request_key_not_string;test_TC12_missing_resource_type;test_TC13_empty_resource_dict_invalid;test_TC14_none_resources;test_TC16_nested_invalid_request;test_TC17_list_inside_request_value;test_TC18_tuple_inside_request_value;test_TC22_valid_zero_values;test_TC23_request_with_extra_invalid_key;test_TC24_string_number;test_TC25_string_number_in_request;test_TC27_empty_requests_invalid_resources;test_TC30_one_resource_must_remain_false;test_TC33_multi_resource_exact_cpu
S0032,G2,B,1,0,0,0,1,0,0,16,17,33,0.48484848484848486,test_TC5_resources_not_dict;test_TC8_resource_value_not_number;test_TC9_request_value_not_number;test_TC14_none_resources;test_TC15_none_requests;test_TC16_nested_invalid_request;test_TC17_list_inside_request_value;test_TC18_tuple_inside_request_value;test_TC19_valid_simple_case;test_TC20_valid_multi_resource;test_TC24_string_number;test_TC25_string_number_in_request;test_TC26_empty_requests_valid;test_TC28_valid_float;test_TC31_one_resource_must_remain_true;test_TC32_multi_resource_exact_cpu,test_TC1_negative_resource_value;test_TC2_negative_request_value;test_TC3_nan_value;test_TC4_infinite_value;test_TC6_requests_not_list;test_TC7_request_item_not_dict;test_TC10_resource_key_not_string;test_TC11_request_key_not_string;test_TC12_missing_resource_type;test_TC13_empty_resource_dict_invalid;test_TC21_zero_and_negative_mix;test_TC22_valid_zero_values;test_TC23_request_with_extra_invalid_key;test_TC27_empty_requests_invalid_resources;test_TC29_invalid_float_nan_request;test_TC30_one_resource_must_remain_false;test_TC33_multi_resource_exact_cpu
S0033,G2,B,1,0,0,0,1,0,0,14,19,33,0.42424242424242425,test_TC8_resource_value_not_number;test_TC9_request_value_not_number;test_TC15_none_requests;test_TC16_nested_invalid_request;test_TC17_list_inside_request_value;test_TC18_tuple_inside_request_value;test_TC19_valid_simple_case;test_TC20_valid_multi_resource;test_TC24_string_number;test_TC25_string_number_in_request;test_TC26_empty_requests_valid;test_TC28_valid_float;test_TC31_one_resource_must_remain_true;test_TC32_multi_resource_exact_cpu,test_TC1_negative_resource_value;test_TC2_negative_request_value;test_TC3_nan_value;test_TC4_infinite_value;test_TC5_resources_not_dict;test_TC6_requests_not_list;test_TC7_request_item_not_dict;test_TC10_resource_key_not_string;test_TC11_request_key_not_string;test_TC12_missing_resource_type;test_TC13_empty_resource_dict_invalid;test_TC14_none_resources;test_TC21_zero_and_negative_mix;test_TC22_valid_zero_values;test_TC23_request_with_extra_invalid_key;test_TC27_empty_requests_invalid_resources;test_TC29_invalid_float_nan_request;test_TC30_one_resource_must_remain_false;test_TC33_multi_resource_exact_cpu
S0034,G2,B,1,0,0,0,1,0,0,16,17,33,0.48484848484848486,test_TC5_resources_not_dict;test_TC8_resource_value_not_number;test_TC9_request_value_not_number;test_TC14_none_resources;test_TC15_none_requests;test_TC16_nested_invalid_request;test_TC17_list_inside_request_value;test_TC18_tuple_inside_request_value;test_TC19_valid_simple_case;test_TC20_valid_multi_resource;test_TC24_string_number;test_TC25_string_number_in_request;test_TC26_empty_requests_valid;test_TC28_valid_float;test_TC31_one_resource_must_remain_true;test_TC32_multi_resource_exact_cpu,test_TC1_negative_resource_value;test_TC2_negative_request_value;test_TC3_nan_value;test_TC4_infinite_value;test_TC6_requests_not_list;test_TC7_request_item_not_dict;test_TC10_resource_key_not_string;test_TC11_request_key_not_string;test_TC12_missing_resource_type;test_TC13_empty_resource_dict_invalid;test_TC21_zero_and_negative_mix;test_TC22_valid_zero_values;test_TC23_request_with_extra_invalid_key;test_TC27_empty_requests_invalid_resources;test_TC29_invalid_float_nan_request;test_TC30_one_resource_must_remain_false;test_TC33_multi_resource_exact_cpu
S0035,G2,B,1,0,0,0,1,0,0,14,19,33,0.42424242424242425,test_TC8_resource_value_not_number;test_TC9_request_value_not_number;test_TC15_none_requests;test_TC16_nested_invalid_request;test_TC17_list_inside_request_value;test_TC18_tuple_inside_request_value;test_TC19_valid_simple_case;test_TC20_valid_multi_resource;test_TC24_string_number;test_TC25_string_number_in_request;test_TC26_empty_requests_valid;test_TC28_valid_float;test_TC31_one_resource_must_remain_true;test_TC32_multi_resource_exact_cpu,test_TC1_negative_resource_value;test_TC2_negative_request_value;test_TC3_nan_value;test_TC4_infinite_value;test_TC5_resources_not_dict;test_TC6_requests_not_list;test_TC7_request_item_not_dict;test_TC10_resource_key_not_string;test_TC11_request_key_not_string;test_TC12_missing_resource_type;test_TC13_empty_resource_dict_invalid;test_TC14_none_resources;test_TC21_zero_and_negative_mix;test_TC22_valid_zero_values;test_TC23_request_with_extra_invalid_key;test_TC27_empty_requests_invalid_resources;test_TC29_invalid_float_nan_request;test_TC30_one_resource_must_remain_false;test_TC33_multi_resource_exact_cpu
S0036,G2,B,1,0,0,0,1,0,0,14,19,33,0.42424242424242425,test_TC8_resource_value_not_number;test_TC9_request_value_not_number;test_TC15_none_requests;test_TC16_nested_invalid_request;test_TC17_list_inside_request_value;test_TC18_tuple_inside_request_value;test_TC19_valid_simple_case;test_TC20_valid_multi_resource;test_TC24_string_number;test_TC25_string_number_in_request;test_TC26_empty_requests_valid;test_TC28_valid_float;test_TC31_one_resource_must_remain_true;test_TC32_multi_resource_exact_cpu,test_TC1_negative_resource_value;test_TC2_negative_request_value;test_TC3_nan_value;test_TC4_infinite_value;test_TC5_resources_not_dict;test_TC6_requests_not_list;test_TC7_request_item_not_dict;test_TC10_resource_key_not_string;test_TC11_request_key_not_string;test_TC12_missing_resource_type;test_TC13_empty_resource_dict_invalid;test_TC14_none_resources;test_TC21_zero_and_negative_mix;test_TC22_valid_zero_values;test_TC23_request_with_extra_invalid_key;test_TC27_empty_requests_invalid_resources;test_TC29_invalid_float_nan_request;test_TC30_one_resource_must_remain_false;test_TC33_multi_resource_exact_cpu
S0037,G2,A,1,0,0,0,1,0,0,14,19,33,0.42424242424242425,test_TC7_meeting_exceeds_working_hours;test_TC11_friday_long_meeting;test_TC14_event_full_day;test_TC15_negative_duration;test_TC16_invalid_time_format;test_TC17_invalid_event_interval;test_TC19_multiple_windows_order;test_TC20_many_events;test_TC23_empty_day_duration_fills_last_slot;test_TC26_lunch_break_blocked;test_TC27_start_after_lunch_allowed;test_TC28_buffer_after_event;test_TC30_meeting_duration_multiple_of_30[30-True];test_TC30_meeting_duration_multiple_of_30[60-True],test_TC1_empty_day;test_TC2_single_event_midday;test_TC3_multiple_nonoverlapping_events;test_TC4_overlapping_events;test_TC5_adjacent_events;test_TC6_meeting_fits_morning;test_TC8_event_partial_outside_hours;test_TC9_friday_cutoff;test_TC10_friday_event_ends_at_cutoff;test_TC12_granularity_15min;test_TC13_short_duration;test_TC18_invalid_date;test_TC21_small_gaps_between_events;test_TC22_friday_overlap_long_meeting;test_TC24_friday_event_partial_cutoff;test_TC25_multiple_consecutive_overlaps;test_TC29_zero_duration_meeting;test_TC30_meeting_duration_multiple_of_30[45-False];test_TC30_meeting_duration_multiple_of_30[20-False]
S0038,G2,A,1,0,0,0,1,0,0,10,23,33,0.30303030303030304,test_TC7_meeting_exceeds_working_hours;test_TC11_friday_long_meeting;test_TC14_event_full_day;test_TC16_invalid_time_format;test_TC19_multiple_windows_order;test_TC23_empty_day_duration_fills_last_slot;test_TC26_lunch_break_blocked;test_TC27_start_after_lunch_allowed;test_TC30_meeting_duration_multiple_of_30[30-True];test_TC30_meeting_duration_multiple_of_30[60-True],test_TC1_empty_day;test_TC2_single_event_midday;test_TC3_multiple_nonoverlapping_events;test_TC4_overlapping_events;test_TC5_adjacent_events;test_TC6_meeting_fits_morning;test_TC8_event_partial_outside_hours;test_TC9_friday_cutoff;test_TC10_friday_event_ends_at_cutoff;test_TC12_granularity_15min;test_TC13_short_duration;test_TC15_negative_duration;test_TC17_invalid_event_interval;test_TC18_invalid_date;test_TC20_many_events;test_TC21_small_gaps_between_events;test_TC22_friday_overlap_long_meeting;test_TC24_friday_event_partial_cutoff;test_TC25_multiple_consecutive_overlaps;test_TC28_buffer_after_event;test_TC29_zero_duration_meeting;test_TC30_meeting_duration_multiple_of_30[45-False];test_TC30_meeting_duration_multiple_of_30[20-False]
S0039,G2,A,1,0,0,0,1,0,0,11,22,33,0.3333333333333333,test_TC7_meeting_exceeds_working_hours;test_TC11_friday_long_meeting;test_TC14_event_full_day;test_TC16_invalid_time_format;test_TC19_multiple_windows_order;test_TC23_empty_day_duration_fills_last_slot;test_TC26_lunch_break_blocked;test_TC27_start_after_lunch_allowed;test_TC29_zero_duration_meeting;test_TC30_meeting_duration_multiple_of_30[30-True];test_TC30_meeting_duration_multiple_of_30[60-True],test_TC1_empty_day;test_TC2_single_event_midday;test_TC3_multiple_nonoverlapping_events;test_TC4_overlapping_events;test_TC5_adjacent_events;test_TC6_meeting_fits_morning;test_TC8_event_partial_outside_hours;test_TC9_friday_cutoff;test_TC10_friday_event_ends_at_cutoff;test_TC12_granularity_15min;test_TC13_short_duration;test_TC15_negative_duration;test_TC17_invalid_event_interval;test_TC18_invalid_date;test_TC20_many_events;test_TC21_small_gaps_between_events;test_TC22_friday_overlap_long_meeting;test_TC24_friday_event_partial_cutoff;test_TC25_multiple_consecutive_overlaps;test_TC28_buffer_after_event;test_TC30_meeting_duration_multiple_of_30[45-False];test_TC30_meeting_duration_multiple_of_30[20-False]
S0040,G2,A,1,0,0,0,1,0,0,16,17,33,0.48484848484848486,test_TC7_meeting_exceeds_working_hours;test_TC11_friday_long_meeting;test_TC13_short_duration;test_TC14_event_full_day;test_TC16_invalid_time_format;test_TC19_multiple_windows_order;test_TC20_many_events;test_TC23_empty_day_duration_fills_last_slot;test_TC26_lunch_break_blocked;test_TC27_start_after_lunch_allowed;test_TC28_buffer_after_event;test_TC29_zero_duration_meeting;test_TC30_meeting_duration_multiple_of_30[30-True];test_TC30_meeting_duration_multiple_of_30[60-True];test_TC30_meeting_duration_multiple_of_30[45-False];test_TC30_meeting_duration_multiple_of_30[20-False],test_TC1_empty_day;test_TC2_single_event_midday;test_TC3_multiple_nonoverlapping_events;test_TC4_overlapping_events;test_TC5_adjacent_events;test_TC6_meeting_fits_morning;test_TC8_event_partial_outside_hours;test_TC9_friday_cutoff;test_TC10_friday_event_ends_at_cutoff;test_TC12_granularity_15min;test_TC15_negative_duration;test_TC17_invalid_event_interval;test_TC18_invalid_date;test_TC21_small_gaps_between_events;test_TC22_friday_overlap_long_meeting;test_TC24_friday_event_partial_cutoff;test_TC25_multiple_consecutive_overlaps
S0041,G2,A,1,0,0,0,1,0,0,9,24,33,0.2727272727272727,test_TC7_meeting_exceeds_working_hours;test_TC11_friday_long_meeting;test_TC14_event_full_day;test_TC16_invalid_time_format;test_TC19_multiple_windows_order;test_TC23_empty_day_duration_fills_last_slot;test_TC26_lunch_break_blocked;test_TC30_meeting_duration_multiple_of_30[30-True];test_TC30_meeting_duration_multiple_of_30[60-True],test_TC1_empty_day;test_TC2_single_event_midday;test_TC3_multiple_nonoverlapping_events;test_TC4_overlapping_events;test_TC5_adjacent_events;test_TC6_meeting_fits_morning;test_TC8_event_partial_outside_hours;test_TC9_friday_cutoff;test_TC10_friday_event_ends_at_cutoff;test_TC12_granularity_15min;test_TC13_short_duration;test_TC15_negative_duration;test_TC17_invalid_event_interval;test_TC18_invalid_date;test_TC20_many_events;test_TC21_small_gaps_between_events;test_TC22_friday_overlap_long_meeting;test_TC24_friday_event_partial_cutoff;test_TC25_multiple_consecutive_overlaps;test_TC27_start_after_lunch_allowed;test_TC28_buffer_after_event;test_TC29_zero_duration_meeting;test_TC30_meeting_duration_multiple_of_30[45-False];test_TC30_meeting_duration_multiple_of_30[20-False]
S0042,G2,A,1,0,0,0,1,0,0,12,21,33,0.36363636363636365,test_TC7_meeting_exceeds_working_hours;test_TC11_friday_long_meeting;test_TC14_event_full_day;test_TC16_invalid_time_format;test_TC19_multiple_windows_order;test_TC20_many_events;test_TC23_empty_day_duration_fills_last_slot;test_TC26_lunch_break_blocked;test_TC27_start_after_lunch_allowed;test_TC28_buffer_after_event;test_TC30_meeting_duration_multiple_of_30[30-True];test_TC30_meeting_duration_multiple_of_30[60-True],test_TC1_empty_day;test_TC2_single_event_midday;test_TC3_multiple_nonoverlapping_events;test_TC4_overlapping_events;test_TC5_adjacent_events;test_TC6_meeting_fits_morning;test_TC8_event_partial_outside_hours;test_TC9_friday_cutoff;test_TC10_friday_event_ends_at_cutoff;test_TC12_granularity_15min;test_TC13_short_duration;test_TC15_negative_duration;test_TC17_invalid_event_interval;test_TC18_invalid_date;test_TC21_small_gaps_between_events;test_TC22_friday_overlap_long_meeting;test_TC24_friday_event_partial_cutoff;test_TC25_multiple_consecutive_overlaps;test_TC29_zero_duration_meeting;test_TC30_meeting_duration_multiple_of_30[45-False];test_TC30_meeting_duration_multiple_of_30[20-False]
S0043,G2,A,1,0,0,0,1,0,0,10,23,33,0.30303030303030304,test_TC7_meeting_exceeds_working_hours;test_TC11_friday_long_meeting;test_TC14_event_full_day;test_TC16_invalid_time_format;test_TC19_multiple_windows_order;test_TC23_empty_day_duration_fills_last_slot;test_TC26_lunch_break_blocked;test_TC27_start_after_lunch_allowed;test_TC30_meeting_duration_multiple_of_30[30-True];test_TC30_meeting_duration_multiple_of_30[60-True],test_TC1_empty_day;test_TC2_single_event_midday;test_TC3_multiple_nonoverlapping_events;test_TC4_overlapping_events;test_TC5_adjacent_events;test_TC6_meeting_fits_morning;test_TC8_event_partial_outside_hours;test_TC9_friday_cutoff;test_TC10_friday_event_ends_at_cutoff;test_TC12_granularity_15min;test_TC13_short_duration;test_TC15_negative_duration;test_TC17_invalid_event_interval;test_TC18_invalid_date;test_TC20_many_events;test_TC21_small_gaps_between_events;test_TC22_friday_overlap_long_meeting;test_TC24_friday_event_partial_cutoff;test_TC25_multiple_consecutive_overlaps;test_TC28_buffer_after_event;test_TC29_zero_duration_meeting;test_TC30_meeting_duration_multiple_of_30[45-False];test_TC30_meeting_duration_multiple_of_30[20-False]
S0044,G2,A,1,0,0,0,1,0,0,12,21,33,0.36363636363636365,test_TC7_meeting_exceeds_working_hours;test_TC11_friday_long_meeting;test_TC14_event_full_day;test_TC16_invalid_time_format;test_TC19_multiple_windows_order;test_TC20_many_events;test_TC23_empty_day_duration_fills_last_slot;test_TC26_lunch_break_blocked;test_TC27_start_after_lunch_allowed;test_TC28_buffer_after_event;test_TC30_meeting_duration_multiple_of_30[30-True];test_TC30_meeting_duration_multiple_of_30[60-True],test_TC1_empty_day;test_TC2_single_event_midday;test_TC3_multiple_nonoverlapping_events;test_TC4_overlapping_events;test_TC5_adjacent_events;test_TC6_meeting_fits_morning;test_TC8_event_partial_outside_hours;test_TC9_friday_cutoff;test_TC10_friday_event_ends_at_cutoff;test_TC12_granularity_15min;test_TC13_short_duration;test_TC15_negative_duration;test_TC17_invalid_event_interval;test_TC18_invalid_date;test_TC21_small_gaps_between_events;test_TC22_friday_overlap_long_meeting;test_TC24_friday_event_partial_cutoff;test_TC25_multiple_consecutive_overlaps;test_TC29_zero_duration_meeting;test_TC30_meeting_duration_multiple_of_30[45-False];test_TC30_meeting_duration_multiple_of_30[20-False]
S0045,G2,A,1,0,0,0,1,0,0,15,18,33,0.45454545454545453,test_TC7_meeting_exceeds_working_hours;test_TC11_friday_long_meeting;test_TC13_short_duration;test_TC14_event_full_day;test_TC15_negative_duration;test_TC16_invalid_time_format;test_TC17_invalid_event_interval;test_TC18_invalid_date;test_TC19_multiple_windows_order;test_TC23_empty_day_duration_fills_last_slot;test_TC26_lunch_break_blocked;test_TC27_start_after_lunch_allowed;test_TC29_zero_duration_meeting;test_TC30_meeting_duration_multiple_of_30[30-True];test_TC30_meeting_duration_multiple_of_30[60-True],test_TC1_empty_day;test_TC2_single_event_midday;test_TC3_multiple_nonoverlapping_events;test_TC4_overlapping_events;test_TC5_adjacent_events;test_TC6_meeting_fits_morning;test_TC8_event_partial_outside_hours;test_TC9_friday_cutoff;test_TC10_friday_event_ends_at_cutoff;test_TC12_granularity_15min;test_TC20_many_events;test_TC21_small_gaps_between_events;test_TC22_friday_overlap_long_meeting;test_TC24_friday_event_partial_cutoff;test_TC25_multiple_consecutive_overlaps;test_TC28_buffer_after_event;test_TC30_meeting_duration_multiple_of_30[45-False];test_TC30_meeting_duration_multiple_of_30[20-False]
S0046,G2,A,1,0,0,0,1,0,0,11,22,33,0.3333333333333333,test_TC7_meeting_exceeds_working_hours;test_TC11_friday_long_meeting;test_TC13_short_duration;test_TC14_event_full_day;test_TC15_negative_duration;test_TC16_invalid_time_format;test_TC19_multiple_windows_order;test_TC23_empty_day_duration_fills_last_slot;test_TC29_zero_duration_meeting;test_TC30_meeting_duration_multiple_of_30[30-True];test_TC30_meeting_duration_multiple_of_30[60-True],test_TC1_empty_day;test_TC2_single_event_midday;test_TC3_multiple_nonoverlapping_events;test_TC4_overlapping_events;test_TC5_adjacent_events;test_TC6_meeting_fits_morning;test_TC8_event_partial_outside_hours;test_TC9_friday_cutoff;test_TC10_friday_event_ends_at_cutoff;test_TC12_granularity_15min;test_TC17_invalid_event_interval;test_TC18_invalid_date;test_TC20_many_events;test_TC21_small_gaps_between_events;test_TC22_friday_overlap_long_meeting;test_TC24_friday_event_partial_cutoff;test_TC25_multiple_consecutive_overlaps;test_TC26_lunch_break_blocked;test_TC27_start_after_lunch_allowed;test_TC28_buffer_after_event;test_TC30_meeting_duration_multiple_of_30[45-False];test_TC30_meeting_duration_multiple_of_30[20-False]
S0047,G2,A,1,0,0,0,1,0,0,10,23,33,0.30303030303030304,test_TC7_meeting_exceeds_working_hours;test_TC11_friday_long_meeting;test_TC14_event_full_day;test_TC19_multiple_windows_order;test_TC23_empty_day_duration_fills_last_slot;test_TC26_lunch_break_blocked;test_TC27_start_after_lunch_allowed;test_TC29_zero_duration_meeting;test_TC30_meeting_duration_multiple_of_30[30-True];test_TC30_meeting_duration_multiple_of_30[60-True],test_TC1_empty_day;test_TC2_single_event_midday;test_TC3_multiple_nonoverlapping_events;test_TC4_overlapping_events;test_TC5_adjacent_events;test_TC6_meeting_fits_morning;test_TC8_event_partial_outside_hours;test_TC9_friday_cutoff;test_TC10_friday_event_ends_at_cutoff;test_TC12_granularity_15min;test_TC13_short_duration;test_TC15_negative_duration;test_TC16_invalid_time_format;test_TC17_invalid_event_interval;test_TC18_invalid_date;test_TC20_many_events;test_TC21_small_gaps_between_events;test_TC22_friday_overlap_long_meeting;test_TC24_friday_event_partial_cutoff;test_TC25_multiple_consecutive_overlaps;test_TC28_buffer_after_event;test_TC30_meeting_duration_multiple_of_30[45-False];test_TC30_meeting_duration_multiple_of_30[20-False]
S0048,G2,A,1,0,0,0,1,0,0,14,19,33,0.42424242424242425,test_TC2_single_event_midday;test_TC7_meeting_exceeds_working_hours;test_TC11_friday_long_meeting;test_TC14_event_full_day;test_TC16_invalid_time_format;test_TC19_multiple_windows_order;test_TC20_many_events;test_TC23_empty_day_duration_fills_last_slot;test_TC26_lunch_break_blocked;test_TC27_start_after_lunch_allowed;test_TC28_buffer_after_event;test_TC29_zero_duration_meeting;test_TC30_meeting_duration_multiple_of_30[30-True];test_TC30_meeting_duration_multiple_of_30[60-True],test_TC1_empty_day;test_TC3_multiple_nonoverlapping_events;test_TC4_overlapping_events;test_TC5_adjacent_events;test_TC6_meeting_fits_morning;test_TC8_event_partial_outside_hours;test_TC9_friday_cutoff;test_TC10_friday_event_ends_at_cutoff;test_TC12_granularity_15min;test_TC13_short_duration;test_TC15_negative_duration;test_TC17_invalid_event_interval;test_TC18_invalid_date;test_TC21_small_gaps_between_events;test_TC22_friday_overlap_long_meeting;test_TC24_friday_event_partial_cutoff;test_TC25_multiple_consecutive_overlaps;test_TC30_meeting_duration_multiple_of_30[45-False];test_TC30_meeting_duration_multiple_of_30[20-False]
S0049,G3,A,0,1,1,1,1,1,1,13,20,33,0.3939393939393939,test_TC7_meeting_exceeds_working_hours;test_TC11_friday_long_meeting;test_TC14_event_full_day;test_TC16_invalid_time_format;test_TC19_multiple_windows_order;test_TC20_many_events;test_TC23_empty_day_duration_fills_last_slot;test_TC26_lunch_break_blocked;test_TC27_start_after_lunch_allowed;test_TC28_buffer_after_event;test_TC29_zero_duration_meeting;test_TC30_meeting_duration_multiple_of_30[30-True];test_TC30_meeting_duration_multiple_of_30[60-True],test_TC1_empty_day;test_TC2_single_event_midday;test_TC3_multiple_nonoverlapping_events;test_TC4_overlapping_events;test_TC5_adjacent_events;test_TC6_meeting_fits_morning;test_TC8_event_partial_outside_hours;test_TC9_friday_cutoff;test_TC10_friday_event_ends_at_cutoff;test_TC12_granularity_15min;test_TC13_short_duration;test_TC15_negative_duration;test_TC17_invalid_event_interval;test_TC18_invalid_date;test_TC21_small_gaps_between_events;test_TC22_friday_overlap_long_meeting;test_TC24_friday_event_partial_cutoff;test_TC25_multiple_consecutive_overlaps;test_TC30_meeting_duration_multiple_of_30[45-False];test_TC30_meeting_duration_multiple_of_30[20-False]
S0050,G3,B,0,1,1,1,1,1,1,0,33,33,0.0,,test_TC1_negative_resource_value;test_TC2_negative_request_value;test_TC3_nan_value;test_TC4_infinite_value;test_TC5_resources_not_dict;test_TC6_requests_not_list;test_TC7_request_item_not_dict;test_TC8_resource_value_not_number;test_TC9_request_value_not_number;test_TC10_resource_key_not_string;test_TC11_request_key_not_string;test_TC12_missing_resource_type;test_TC13_empty_resource_dict_invalid;test_TC14_none_resources;test_TC15_none_requests;test_TC16_nested_invalid_request;test_TC17_list_inside_request_value;test_TC18_tuple_inside_request_value;test_TC19_valid_simple_case;test_TC20_valid_multi_resource;test_TC21_zero_and_negative_mix;test_TC22_valid_zero_values;test_TC23_request_with_extra_invalid_key;test_TC24_string_number;test_TC25_string_number_in_request;test_TC26_empty_requests_valid;test_TC27_empty_requests_invalid_resources;test_TC28_valid_float;test_TC29_invalid_float_nan_request;test_TC30_one_resource_must_remain_false;test_TC31_one_resource_must_remain_true;test_TC32_multi_resource_exact_cpu;test_TC33_multi_resource_exact_cpu
S0051,G3,B,0,1,1,1,1,1,1,14,19,33,0.42424242424242425,test_TC8_resource_value_not_number;test_TC9_request_value_not_number;test_TC15_none_requests;test_TC16_nested_invalid_request;test_TC17_list_inside_request_value;test_TC18_tuple_inside_request_value;test_TC19_valid_simple_case;test_TC20_valid_multi_resource;test_TC24_string_number;test_TC25_string_number_in_request;test_TC26_empty_requests_valid;test_TC28_valid_float;test_TC31_one_resource_must_remain_true;test_TC32_multi_resource_exact_cpu,test_TC1_negative_resource_value;test_TC2_negative_request_value;test_TC3_nan_value;test_TC4_infinite_value;test_TC5_resources_not_dict;test_TC6_requests_not_list;test_TC7_request_item_not_dict;test_TC10_resource_key_not_string;test_TC11_request_key_not_string;test_TC12_missing_resource_type;test_TC13_empty_resource_dict_invalid;test_TC14_none_resources;test_TC21_zero_and_negative_mix;test_TC22_valid_zero_values;test_TC23_request_with_extra_invalid_key;test_TC27_empty_requests_invalid_resources;test_TC29_invalid_float_nan_request;test_TC30_one_resource_must_remain_false;test_TC33_multi_resource_exact_cpu
S0052,G3,B,0,1,1,1,1,1,1,9,24,33,0.2727272727272727,test_TC8_resource_value_not_number;test_TC15_none_requests;test_TC19_valid_simple_case;test_TC20_valid_multi_resource;test_TC24_string_number;test_TC26_empty_requests_valid;test_TC28_valid_float;test_TC31_one_resource_must_remain_true;test_TC32_multi_resource_exact_cpu,test_TC1_negative_resource_value;test_TC2_negative_request_value;test_TC3_nan_value;test_TC4_infinite_value;test_TC5_resources_not_dict;test_TC6_requests_not_list;test_TC7_request_item_not_dict;test_TC9_request_value_not_number;test_TC10_resource_key_not_string;test_TC11_request_key_not_string;test_TC12_missing_resource_type;test_TC13_empty_resource_dict_invalid;test_TC14_none_resources;test_TC16_nested_invalid_request;test_TC17_list_inside_request_value;test_TC18_tuple_inside_request_value;test_TC21_zero_and_negative_mix;test_TC22_valid_zero_values;test_TC23_request_with_extra_invalid_key;test_TC25_string_number_in_request;test_TC27_empty_requests_invalid_resources;test_TC29_invalid_float_nan_request;test_TC30_one_resource_must_remain_false;test_TC33_multi_resource_exact_cpu
S0053,G3,A,0,1,1,1,1,1,1,15,18,33,0.45454545454545453,test_TC7_meeting_exceeds_working_hours;test_TC11_friday_long_meeting;test_TC14_event_full_day;test_TC15_negative_duration;test_TC16_invalid_time_format;test_TC17_invalid_event_interval;test_TC19_multiple_windows_order;test_TC20_many_events;test_TC23_empty_day_duration_fills_last_slot;test_TC26_lunch_break_blocked;test_TC27_start_after_lunch_allowed;test_TC28_buffer_after_event;test_TC29_zero_duration_meeting;test_TC30_meeting_duration_multiple_of_30[30-True];test_TC30_meeting_duration_multiple_of_30[60-True],test_TC1_empty_day;test_TC2_single_event_midday;test_TC3_multiple_nonoverlapping_events;test_TC4_overlapping_events;test_TC5_adjacent_events;test_TC6_meeting_fits_morning;test_TC8_event_partial_outside_hours;test_TC9_friday_cutoff;test_TC10_friday_event_ends_at_cutoff;test_TC12_granularity_15min;test_TC13_short_duration;test_TC18_invalid_date;test_TC21_small_gaps_between_events;test_TC22_friday_overlap_long_meeting;test_TC24_friday_event_partial_cutoff;test_TC25_multiple_consecutive_overlaps;test_TC30_meeting_duration_multiple_of_30[45-False];test_TC30_meeting_duration_multiple_of_30[20-False]
S0054,G3,A,0,1,1,1,1,1,1,18,15,33,0.5454545454545454,test_TC7_meeting_exceeds_working_hours;test_TC11_friday_long_meeting;test_TC13_short_duration;test_TC14_event_full_day;test_TC15_negative_duration;test_TC16_invalid_time_format;test_TC17_invalid_event_interval;test_TC18_invalid_date;test_TC19_multiple_windows_order;test_TC20_many_events;test_TC23_empty_day_duration_fills_last_slot;test_TC26_lunch_break_blocked;test_TC27_start_after_lunch_allowed;test_TC29_zero_duration_meeting;test_TC30_meeting_duration_multiple_of_30[30-True];test_TC30_meeting_duration_multiple_of_30[60-True];test_TC30_meeting_duration_multiple_of_30[45-False];test_TC30_meeting_duration_multiple_of_30[20-False],test_TC1_empty_day;test_TC2_single_event_midday;test_TC3_multiple_nonoverlapping_events;test_TC4_overlapping_events;test_TC5_adjacent_events;test_TC6_meeting_fits_morning;test_TC8_event_partial_outside_hours;test_TC9_friday_cutoff;test_TC10_friday_event_ends_at_cutoff;test_TC12_granularity_15min;test_TC21_small_gaps_between_events;test_TC22_friday_overlap_long_meeting;test_TC24_friday_event_partial_cutoff;test_TC25_multiple_consecutive_overlaps;test_TC28_buffer_after_event
S0055,G3,A,0,1,1,1,1,1,1,19,14,33,0.5757575757575758,test_TC7_meeting_exceeds_working_hours;test_TC11_friday_long_meeting;test_TC13_short_duration;test_TC14_event_full_day;test_TC15_negative_duration;test_TC16_invalid_time_format;test_TC17_invalid_event_interval;test_TC18_invalid_date;test_TC19_multiple_windows_order;test_TC20_many_events;test_TC23_empty_day_duration_fills_last_slot;test_TC26_lunch_break_blocked;test_TC27_start_after_lunch_allowed;test_TC28_buffer_after_event;test_TC29_zero_duration_meeting;test_TC30_meeting_duration_multiple_of_30[30-True];test_TC30_meeting_duration_multiple_of_30[60-True];test_TC30_meeting_duration_multiple_of_30[45-False];test_TC30_meeting_duration_multiple_of_30[20-False],test_TC1_empty_day;test_TC2_single_event_midday;test_TC3_multiple_nonoverlapping_events;test_TC4_overlapping_events;test_TC5_adjacent_events;test_TC6_meeting_fits_morning;test_TC8_event_partial_outside_hours;test_TC9_friday_cutoff;test_TC10_friday_event_ends_at_cutoff;test_TC12_granularity_15min;test_TC21_small_gaps_between_events;test_TC22_friday_overlap_long_meeting;test_TC24_friday_event_partial_cutoff;test_TC25_multiple_consecutive_overlaps
S0056,G3,A,0,1,1,1,1,0,0,32,1,33,0.9696969696969697,test_TC1_empty_day;test_TC2_single_event_midday;test_TC3_multiple_nonoverlapping_events;test_TC4_overlapping_events;test_TC5_adjacent_events;test_TC6_meeting_fits_morning;test_TC7_meeting_exceeds_working_hours;test_TC8_event_partial_outside_hours;test_TC10_friday_event_ends_at_cutoff;test_TC11_friday_long_meeting;test_TC12_granularity_15min;test_TC13_short_duration;test_TC14_event_full_day;test_TC15_negative_duration;test_TC16_invalid_time_format;test_TC17_invalid_event_interval;test_TC18_invalid_date;test_TC19_multiple_windows_order;test_TC20_many_events;test_TC21_small_gaps_between_events;test_TC22_friday_overlap_long_meeting;test_TC23_empty_day_duration_fills_last_slot;test_TC24_friday_event_partial_cutoff;test_TC25_multiple_consecutive_overlaps;test_TC26_lunch_break_blocked;test_TC27_start_after_lunch_allowed;test_TC28_buffer_after_event;test_TC29_zero_duration_meeting;test_TC30_meeting_duration_multiple_of_30[30-True];test_TC30_meeting_duration_multiple_of_30[60-True];test_TC30_meeting_duration_multiple_of_30[45-False];test_TC30_meeting_duration_multiple_of_30[20-False],test_TC9_friday_cutoff
S0057,G3,A,0,1,1,1,1,1,1,22,11,33,0.6666666666666666,test_TC7_meeting_exceeds_working_hours;test_TC10_friday_event_ends_at_cutoff;test_TC11_friday_long_meeting;test_TC13_short_duration;test_TC14_event_full_day;test_TC15_negative_duration;test_TC16_invalid_time_format;test_TC17_invalid_event_interval;test_TC18_invalid_date;test_TC19_multiple_windows_order;test_TC20_many_events;test_TC22_friday_overlap_long_meeting;test_TC23_empty_day_duration_fills_last_slot;test_TC24_friday_event_partial_cutoff;test_TC26_lunch_break_blocked;test_TC27_start_after_lunch_allowed;test_TC28_buffer_after_event;test_TC29_zero_duration_meeting;test_TC30_meeting_duration_multiple_of_30[30-True];test_TC30_meeting_duration_multiple_of_30[60-True];test_TC30_meeting_duration_multiple_of_30[45-False];test_TC30_meeting_duration_multiple_of_30[20-False],test_TC1_empty_day;test_TC2_single_event_midday;test_TC3_multiple_nonoverlapping_events;test_TC4_overlapping_events;test_TC5_adjacent_events;test_TC6_meeting_fits_morning;test_TC8_event_partial_outside_hours;test_TC9_friday_cutoff;test_TC12_granularity_15min;test_TC21_small_gaps_between_events;test_TC25_multiple_consecutive_overlaps
S0058,G3,A,0,1,1,1,1,1,1,22,11,33,0.6666666666666666,test_TC7_meeting_exceeds_working_hours;test_TC10_friday_event_ends_at_cutoff;test_TC11_friday_long_meeting;test_TC13_short_duration;test_TC14_event_full_day;test_TC15_negative_duration;test_TC16_invalid_time_format;test_TC17_invalid_event_interval;test_TC18_invalid_date;test_TC19_multiple_windows_order;test_TC20_many_events;test_TC22_friday_overlap_long_meeting;test_TC23_empty_day_duration_fills_last_slot;test_TC24_friday_event_partial_cutoff;test_TC26_lunch_break_blocked;test_TC27_start_after_lunch_allowed;test_TC28_buffer_after_event;test_TC29_zero_duration_meeting;test_TC30_meeting_duration_multiple_of_30[30-True];test_TC30_meeting_duration_multiple_of_30[60-True];test_TC30_meeting_duration_multiple_of_30[45-False];test_TC30_meeting_duration_multiple_of_30[20-False],test_TC1_empty_day;test_TC2_single_event_midday;test_TC3_multiple_nonoverlapping_events;test_TC4_overlapping_events;test_TC5_adjacent_events;test_TC6_meeting_fits_morning;test_TC8_event_partial_outside_hours;test_TC9_friday_cutoff;test_TC12_granularity_15min;test_TC21_small_gaps_between_events;test_TC25_multiple_consecutive_overlaps
S0059,G3,A,0,1,1,1,1,0,1,19,14,33,0.5757575757575758,test_TC7_meeting_exceeds_working_hours;test_TC11_friday_long_meeting;test_TC13_short_duration;test_TC14_event_full_day;test_TC15_negative_duration;test_TC16_invalid_time_format;test_TC17_invalid_event_interval;test_TC18_invalid_date;test_TC19_multiple_windows_order;test_TC20_many_events;test_TC23_empty_day_duration_fills_last_slot;test_TC26_lunch_break_blocked;test_TC27_start_after_lunch_allowed;test_TC28_buffer_after_event;test_TC29_zero_duration_meeting;test_TC30_meeting_duration_multiple_of_30[30-True];test_TC30_meeting_duration_multiple_of_30[60-True];test_TC30_meeting_duration_multiple_of_30[45-False];test_TC30_meeting_duration_multiple_of_30[20-False],test_TC1_empty_day;test_TC2_single_event_midday;test_TC3_multiple_nonoverlapping_events;test_TC4_overlapping_events;test_TC5_adjacent_events;test_TC6_meeting_fits_morning;test_TC8_event_partial_outside_hours;test_TC9_friday_cutoff;test_TC10_friday_event_ends_at_cutoff;test_TC12_granularity_15min;test_TC21_small_gaps_between_events;test_TC22_friday_overlap_long_meeting;test_TC24_friday_event_partial_cutoff;test_TC25_multiple_consecutive_overlaps
S0060,G3,A,0,1,1,1,1,0,1,22,11,33,0.6666666666666666,test_TC7_meeting_exceeds_working_hours;test_TC10_friday_event_ends_at_cutoff;test_TC11_friday_long_meeting;test_TC13_short_duration;test_TC14_event_full_day;test_TC15_negative_duration;test_TC16_invalid_time_format;test_TC17_invalid_event_interval;test_TC18_invalid_date;test_TC19_multiple_windows_order;test_TC20_many_events;test_TC22_friday_overlap_long_meeting;test_TC23_empty_day_duration_fills_last_slot;test_TC24_friday_event_partial_cutoff;test_TC26_lunch_break_blocked;test_TC27_start_after_lunch_allowed;test_TC28_buffer_after_event;test_TC29_zero_duration_meeting;test_TC30_meeting_duration_multiple_of_30[30-True];test_TC30_meeting_duration_multiple_of_30[60-True];test_TC30_meeting_duration_multiple_of_30[45-False];test_TC30_meeting_duration_multiple_of_30[20-False],test_TC1_empty_day;test_TC2_single_event_midday;test_TC3_multiple_nonoverlapping_events;test_TC4_overlapping_events;test_TC5_adjacent_events;test_TC6_meeting_fits_morning;test_TC8_event_partial_outside_hours;test_TC9_friday_cutoff;test_TC12_granularity_15min;test_TC21_small_gaps_between_events;test_TC25_multiple_consecutive_overlaps
S0061,G3,A,0,1,1,1,1,1,1,19,14,33,0.5757575757575758,test_TC7_meeting_exceeds_working_hours;test_TC11_friday_long_meeting;test_TC13_short_duration;test_TC14_event_full_day;test_TC15_negative_duration;test_TC16_invalid_time_format;test_TC17_invalid_event_interval;test_TC18_invalid_date;test_TC19_multiple_windows_order;test_TC20_many_events;test_TC23_empty_day_duration_fills_last_slot;test_TC26_lunch_break_blocked;test_TC27_start_after_lunch_allowed;test_TC28_buffer_after_event;test_TC29_zero_duration_meeting;test_TC30_meeting_duration_multiple_of_30[30-True];test_TC30_meeting_duration_multiple_of_30[60-True];test_TC30_meeting_duration_multiple_of_30[45-False];test_TC30_meeting_duration_multiple_of_30[20-False],test_TC1_empty_day;test_TC2_single_event_midday;test_TC3_multiple_nonoverlapping_events;test_TC4_overlapping_events;test_TC5_adjacent_events;test_TC6_meeting_fits_morning;test_TC8_event_partial_outside_hours;test_TC9_friday_cutoff;test_TC10_friday_event_ends_at_cutoff;test_TC12_granularity_15min;test_TC21_small_gaps_between_events;test_TC22_friday_overlap_long_meeting;test_TC24_friday_event_partial_cutoff;test_TC25_multiple_consecutive_overlaps
S0062,G3,A,0,1,1,1,1,1,1,19,14,33,0.5757575757575758,test_TC7_meeting_exceeds_working_hours;test_TC11_friday_long_meeting;test_TC13_short_duration;test_TC14_event_full_day;test_TC15_negative_duration;test_TC16_invalid_time_format;test_TC17_invalid_event_interval;test_TC18_invalid_date;test_TC19_multiple_windows_order;test_TC20_many_events;test_TC23_empty_day_duration_fills_last_slot;test_TC26_lunch_break_blocked;test_TC27_start_after_lunch_allowed;test_TC28_buffer_after_event;test_TC29_zero_duration_meeting;test_TC30_meeting_duration_multiple_of_30[30-True];test_TC30_meeting_duration_multiple_of_30[60-True];test_TC30_meeting_duration_multiple_of_30[45-False];test_TC30_meeting_duration_multiple_of_30[20-False],test_TC1_empty_day;test_TC2_single_event_midday;test_TC3_multiple_nonoverlapping_events;test_TC4_overlapping_events;test_TC5_adjacent_events;test_TC6_meeting_fits_morning;test_TC8_event_partial_outside_hours;test_TC9_friday_cutoff;test_TC10_friday_event_ends_at_cutoff;test_TC12_granularity_15min;test_TC21_small_gaps_between_events;test_TC22_friday_overlap_long_meeting;test_TC24_friday_event_partial_cutoff;test_TC25_multiple_consecutive_overlaps
S0063,G3,A,0,1,1,1,1,0,1,33,0,33,1.0,test_TC1_empty_day;test_TC2_single_event_midday;test_TC3_multiple_nonoverlapping_events;test_TC4_overlapping_events;test_TC5_adjacent_events;test_TC6_meeting_fits_morning;test_TC7_meeting_exceeds_working_hours;test_TC8_event_partial_outside_hours;test_TC9_friday_cutoff;test_TC10_friday_event_ends_at_cutoff;test_TC11_friday_long_meeting;test_TC12_granularity_15min;test_TC13_short_duration;test_TC14_event_full_day;test_TC15_negative_duration;test_TC16_invalid_time_format;test_TC17_invalid_event_interval;test_TC18_invalid_date;test_TC19_multiple_windows_order;test_TC20_many_events;test_TC21_small_gaps_between_events;test_TC22_friday_overlap_long_meeting;test_TC23_empty_day_duration_fills_last_slot;test_TC24_friday_event_partial_cutoff;test_TC25_multiple_consecutive_overlaps;test_TC26_lunch_break_blocked;test_TC27_start_after_lunch_allowed;test_TC28_buffer_after_event;test_TC29_zero_duration_meeting;test_TC30_meeting_duration_multiple_of_30[30-True];test_TC30_meeting_duration_multiple_of_30[60-True];test_TC30_meeting_duration_multiple_of_30[45-False];test_TC30_meeting_duration_multiple_of_30[20-False],
S0064,G3,B,0,1,1,1,1,1,1,30,3,33,0.9090909090909091,test_TC1_negative_resource_value;test_TC2_negative_request_value;test_TC3_nan_value;test_TC4_infinite_value;test_TC5_resources_not_dict;test_TC6_requests_not_list;test_TC7_request_item_not_dict;test_TC8_resource_value_not_number;test_TC9_request_value_not_number;test_TC10_resource_key_not_string;test_TC11_request_key_not_string;test_TC12_missing_resource_type;test_TC13_empty_resource_dict_invalid;test_TC14_none_resources;test_TC15_none_requests;test_TC16_nested_invalid_request;test_TC17_list_inside_request_value;test_TC18_tuple_inside_request_value;test_TC19_valid_simple_case;test_TC20_valid_multi_resource;test_TC21_zero_and_negative_mix;test_TC23_request_with_extra_invalid_key;test_TC24_string_number;test_TC25_string_number_in_request;test_TC26_empty_requests_valid;test_TC27_empty_requests_invalid_resources;test_TC28_valid_float;test_TC29_invalid_float_nan_request;test_TC31_one_resource_must_remain_true;test_TC32_multi_resource_exact_cpu,test_TC22_valid_zero_values;test_TC30_one_resource_must_remain_false;test_TC33_multi_resource_exact_cpu
S0065,G3,B,0,1,1,1,1,0,0,30,3,33,0.9090909090909091,test_TC1_negative_resource_value;test_TC2_negative_request_value;test_TC3_nan_value;test_TC4_infinite_value;test_TC5_resources_not_dict;test_TC6_requests_not_list;test_TC7_request_item_not_dict;test_TC8_resource_value_not_number;test_TC9_request_value_not_number;test_TC10_resource_key_not_string;test_TC11_request_key_not_string;test_TC12_missing_resource_type;test_TC13_empty_resource_dict_invalid;test_TC14_none_resources;test_TC15_none_requests;test_TC16_nested_invalid_request;test_TC17_list_inside_request_value;test_TC18_tuple_inside_request_value;test_TC19_valid_simple_case;test_TC20_valid_multi_resource;test_TC21_zero_and_negative_mix;test_TC23_request_with_extra_invalid_key;test_TC24_string_number;test_TC25_string_number_in_request;test_TC26_empty_requests_valid;test_TC27_empty_requests_invalid_resources;test_TC28_valid_float;test_TC29_invalid_float_nan_request;test_TC31_one_resource_must_remain_true;test_TC32_multi_resource_exact_cpu,test_TC22_valid_zero_values;test_TC30_one_resource_must_remain_false;test_TC33_multi_resource_exact_cpu
S0066,G3,B,0,1,0,0,1,0,0,24,9,33,0.7272727272727273,test_TC1_negative_resource_value;test_TC2_negative_request_value;test_TC3_nan_value;test_TC6_requests_not_list;test_TC7_request_item_not_dict;test_TC8_resource_value_not_number;test_TC9_request_value_not_number;test_TC12_missing_resource_type;test_TC13_empty_resource_dict_invalid;test_TC16_nested_invalid_request;test_TC17_list_inside_request_value;test_TC18_tuple_inside_request_value;test_TC19_valid_simple_case;test_TC20_valid_multi_resource;test_TC21_zero_and_negative_mix;test_TC23_request_with_extra_invalid_key;test_TC24_string_number;test_TC25_string_number_in_request;test_TC26_empty_requests_valid;test_TC27_empty_requests_invalid_resources;test_TC28_valid_float;test_TC29_invalid_float_nan_request;test_TC31_one_resource_must_remain_true;test_TC32_multi_resource_exact_cpu,test_TC4_infinite_value;test_TC5_resources_not_dict;test_TC10_resource_key_not_string;test_TC11_request_key_not_string;test_TC14_none_resources;test_TC15_none_requests;test_TC22_valid_zero_values;test_TC30_one_resource_must_remain_false;test_TC33_multi_resource_exact_cpu
S0067,G3,B,0,1,1,1,1,1,1,30,3,33,0.9090909090909091,test_TC1_negative_resource_value;test_TC2_negative_request_value;test_TC3_nan_value;test_TC4_infinite_value;test_TC5_resources_not_dict;test_TC6_requests_not_list;test_TC7_request_item_not_dict;test_TC8_resource_value_not_number;test_TC9_request_value_not_number;test_TC10_resource_key_not_string;test_TC11_request_key_not_string;test_TC12_missing_resource_type;test_TC13_empty_resource_dict_invalid;test_TC14_none_resources;test_TC15_none_requests;test_TC16_nested_invalid_request;test_TC17_list_inside_request_value;test_TC18_tuple_inside_request_value;test_TC19_valid_simple_case;test_TC20_valid_multi_resource;test_TC21_zero_and_negative_mix;test_TC23_request_with_extra_invalid_key;test_TC24_string_number;test_TC25_string_number_in_request;test_TC26_empty_requests_valid;test_TC27_empty_requests_invalid_resources;test_TC28_valid_float;test_TC29_invalid_float_nan_request;test_TC31_one_resource_must_remain_true;test_TC32_multi_resource_exact_cpu,test_TC22_valid_zero_values;test_TC30_one_resource_must_remain_false;test_TC33_multi_resource_exact_cpu
S0068,G3,B,0,1,1,1,1,1,1,24,9,33,0.7272727272727273,test_TC1_negative_resource_value;test_TC2_negative_request_value;test_TC3_nan_value;test_TC6_requests_not_list;test_TC7_request_item_not_dict;test_TC8_resource_value_not_number;test_TC9_request_value_not_number;test_TC12_missing_resource_type;test_TC13_empty_resource_dict_invalid;test_TC16_nested_invalid_request;test_TC17_list_inside_request_value;test_TC18_tuple_inside_request_value;test_TC19_valid_simple_case;test_TC20_valid_multi_resource;test_TC21_zero_and_negative_mix;test_TC23_request_with_extra_invalid_key;test_TC24_string_number;test_TC25_string_number_in_request;test_TC26_empty_requests_valid;test_TC27_empty_requests_invalid_resources;test_TC28_valid_float;test_TC29_invalid_float_nan_request;test_TC31_one_resource_must_remain_true;test_TC32_multi_resource_exact_cpu,test_TC4_infinite_value;test_TC5_resources_not_dict;test_TC10_resource_key_not_string;test_TC11_request_key_not_string;test_TC14_none_resources;test_TC15_none_requests;test_TC22_valid_zero_values;test_TC30_one_resource_must_remain_false;test_TC33_multi_resource_exact_cpu
S0069,G3,B,0,1,1,1,1,1,1,30,3,33,0.9090909090909091,test_TC1_negative_resource_value;test_TC2_negative_request_value;test_TC3_nan_value;test_TC4_infinite_value;test_TC5_resources_not_dict;test_TC6_requests_not_list;test_TC7_request_item_not_dict;test_TC8_resource_value_not_number;test_TC9_request_value_not_number;test_TC10_resource_key_not_string;test_TC11_request_key_not_string;test_TC12_missing_resource_type;test_TC13_empty_resource_dict_invalid;test_TC14_none_resources;test_TC15_none_requests;test_TC16_nested_invalid_request;test_TC17_list_inside_request_value;test_TC18_tuple_inside_request_value;test_TC19_valid_simple_case;test_TC20_valid_multi_resource;test_TC21_zero_and_negative_mix;test_TC23_request_with_extra_invalid_key;test_TC24_string_number;test_TC25_string_number_in_request;test_TC26_empty_requests_valid;test_TC27_empty_requests_invalid_resources;test_TC28_valid_float;test_TC29_invalid_float_nan_request;test_TC31_one_resource_must_remain_true;test_TC32_multi_resource_exact_cpu,test_TC22_valid_zero_values;test_TC30_one_resource_must_remain_false;test_TC33_multi_resource_exact_cpu
S0070,G3,B,0,1,1,1,1,0,1,30,3,33,0.9090909090909091,test_TC1_negative_resource_value;test_TC2_negative_request_value;test_TC3_nan_value;test_TC4_infinite_value;test_TC5_resources_not_dict;test_TC6_requests_not_list;test_TC7_request_item_not_dict;test_TC8_resource_value_not_number;test_TC9_request_value_not_number;test_TC10_resource_key_not_string;test_TC11_request_key_not_string;test_TC12_missing_resource_type;test_TC13_empty_resource_dict_invalid;test_TC14_none_resources;test_TC15_none_requests;test_TC16_nested_invalid_request;test_TC17_list_inside_request_value;test_TC18_tuple_inside_request_value;test_TC19_valid_simple_case;test_TC20_valid_multi_resource;test_TC21_zero_and_negative_mix;test_TC23_request_with_extra_invalid_key;test_TC24_string_number;test_TC25_string_number_in_request;test_TC26_empty_requests_valid;test_TC27_empty_requests_invalid_resources;test_TC28_valid_float;test_TC29_invalid_float_nan_request;test_TC31_one_resource_must_remain_true;test_TC32_multi_resource_exact_cpu,test_TC22_valid_zero_values;test_TC30_one_resource_must_remain_false;test_TC33_multi_resource_exact_cpu
S0071,G3,B,0,1,1,1,1,1,1,30,3,33,0.9090909090909091,test_TC1_negative_resource_value;test_TC2_negative_request_value;test_TC3_nan_value;test_TC4_infinite_value;test_TC5_resources_not_dict;test_TC6_requests_not_list;test_TC7_request_item_not_dict;test_TC8_resource_value_not_number;test_TC9_request_value_not_number;test_TC10_resource_key_not_string;test_TC11_request_key_not_string;test_TC12_missing_resource_type;test_TC13_empty_resource_dict_invalid;test_TC14_none_resources;test_TC15_none_requests;test_TC16_nested_invalid_request;test_TC17_list_inside_request_value;test_TC18_tuple_inside_request_value;test_TC19_valid_simple_case;test_TC20_valid_multi_resource;test_TC21_zero_and_negative_mix;test_TC23_request_with_extra_invalid_key;test_TC24_string_number;test_TC25_string_number_in_request;test_TC26_empty_requests_valid;test_TC27_empty_requests_invalid_resources;test_TC28_valid_float;test_TC29_invalid_float_nan_request;test_TC31_one_resource_must_remain_true;test_TC32_multi_resource_exact_cpu,test_TC22_valid_zero_values;test_TC30_one_resource_must_remain_false;test_TC33_multi_resource_exact_cpu
S0072,G3,B,0,1,1,1,1,0,1,15,18,33,0.45454545454545453,test_TC1_negative_resource_value;test_TC2_negative_request_value;test_TC3_nan_value;test_TC12_missing_resource_type;test_TC13_empty_resource_dict_invalid;test_TC15_none_requests;test_TC19_valid_simple_case;test_TC20_valid_multi_resource;test_TC21_zero_and_negative_mix;test_TC23_request_with_extra_invalid_key;test_TC26_empty_requests_valid;test_TC28_valid_float;test_TC29_invalid_float_nan_request;test_TC31_one_resource_must_remain_true;test_TC32_multi_resource_exact_cpu,test_TC4_infinite_value;test_TC5_resources_not_dict;test_TC6_requests_not_list;test_TC7_request_item_not_dict;test_TC8_resource_value_not_number;test_TC9_request_value_not_number;test_TC10_resource_key_not_string;test_TC11_request_key_not_string;test_TC14_none_resources;test_TC16_nested_invalid_request;test_TC17_list_inside_request_value;test_TC18_tuple_inside_request_value;test_TC22_valid_zero_values;test_TC24_string_number;test_TC25_string_number_in_request;test_TC27_empty_requests_invalid_resources;test_TC30_one_resource_must_remain_false;test_TC33_multi_resource_exact_cpu
