Q1,Q2,Q3,Q4,anon_id
CS,2,"[3, 4]",1,S0041
CE,4,"[2, 3, 4, 5]",1,S0066
SE,2,"[3, 4]",1,S0057
SE,3,"[2, 4]",1,
CE,4,"[2, 3]",1,S0008
SE,2,"[3, Translating code to different programming languages]",1,S0070
SE,5,"[2, 3, 4]",2,S0029
SE,2,"[3, 4]",2,S0071
SE,3,[4],2,
SE,2,[4],2,S0028
SE,3,"[3, 4, sometimes to also understand concepts and learn, and to brainstorm]",2,S0039
CE,5,"[3, 4]",2,S0058
CE,4,"[3, 4]",2,S0065
SE,4,"[1, 2, 3, 4, 5]",2,S0072
SE,3,"[3, 4, 5]",2,S0060
SE,3,"[2, 3, 4]",2,S0061
CS,3,"[1, 2, 3, 4]",2,S0044
SE,4,"[3, 4]",2,S0031
CS,3,"[4, 5]",2,S0005
CE,2,"[3, 4]",2,S0018
CS,5,"[3, 4]",2,S0003
SE,2,[4],2,S0017
CE,3,"[3, 4]",2,S0046
CE,5,"[1, 2, 3, 4, 5]",2,S0043
CE,4,"[2, 3, 4]",3,S0045
CE,3,[4],3,S0068
CE,4,"[3, 4, Modifying existing code if I want to do something interesting but not sure how to approach it]",3,S0019
SE,3,"[2, 3, 4]",3,S0059
CE,3,"[3, 4]",3,S0055
SE,3,[5],3,S0069
CE,3,"[3, 4]",3,S0042
CS,4,"[3, 4]",3,S0025
SE,3,"[1, 2, 3]",3,S0047
SE,3,"[2, 3, 4]",3,S0026
SE,4,"[2, 3, 4]",3,S0067
SE,3,"[2, 3, 4]",3,S0063
CS,3,"[3, 4]",3,S0030
SE,4,"[3, 4, As needed depending on the LLM's capabilities regarding the task and how much I need to learn about that task]",3,S0056
SE,4,"[1, 2, 5]",3,S0036
CE,4,"[2, 3, 4]",3,S0064
CS,4,"[2, 3, 5]",3,S0035
CS,4,"[2, 3, 4]",3,S0034
SE,4,"[2, 3, 4]",3,S0027
CE,3,"[3, 4]",3,S0048
SE,2,[4],3,S0040
CE,3,"[3, 4, 5]",3,S0001
CS,1,[6],3,S0004
CE,2,"[3, 4, 5]",3,
others,3,"[1, 2]",3,S0013
CE,4,"[3, 4, 5]",4,S0014
SE,4,"[3, 4]",4,S0033
CE,3,"[3, 5]",4,S0010
SE,3,[3],4,S0062
SE,4,"[1, 2, 3, 5]",4,S0007
SE,5,[4],4,S0006
SE,4,"[3, 4]",4,S0015
CE,3,"[3, 5]",4,
SE,2,[2],4,S0054
CE,4,"[3, 4]",5,S0016
SE,4,"[3, 4]",5,S0020
,,,,
,,,,
,,,,
CS,5,"[1, 2, 3, 4]",3,S0011
CS,4,"[1, 2, 3, 4]",4,S0022
SE,4,"[1, 2, 3, 4]",2,S0023
CS,4,"[1, 2, 4]",3,S0024
CS,4,"[1, 2, 3, 4]",4,S0037
CS,5,"[1, 2, 3, 4, 5]",4,S0038
CS,4,"[1, 2, 3, 5]",3,S0049
CS,4,"[1, 3, 4]",5,S0053
CS,4,"[2, 4]",3,S0052